0.0000,0
0.0100,0
0.0200,1506.099
0.0300,1926.833
0.0400,1880.881
0.0500,1929.674
0.0600,1906.828
0.0700,1958.596
0.0800,1932.31
0.0900,1938.271
0.1000,1990.087
0.1100,1968.458
0.1200,2023.965
0.1300,1957.012
0.1400,1929.139
0.1500,1854.598
0.1600,2024.689
0.1700,1974.739
0.1800,2054.101
0.1900,2067.789
0.2000,2054.806
0.2100,2071.209
0.2200,2152.687
0.2300,1953.723
0.2400,2063.539
0.2500,1989.936
0.2600,2018.464
0.2700,2101.868
0.2800,2101.396
0.2900,2076.027
0.3000,2014.289
0.3100,2086.279
0.3200,2133.078
0.3300,2138.547
0.3400,2120.534
0.3500,2121.542
0.3600,2151.166
0.3700,2177.938
0.3800,2158.57
0.3900,2137.848
0.4000,2186.419
0.4100,2155.13
0.4200,2233.208
0.4300,2086.288
0.4400,2149.67
0.4500,2102.746
0.4600,2065.198
0.4700,2085.074
0.4800,2101.068
0.4900,2083.189
0.5000,2088.039
0.5100,2085.987
0.5200,2066.753
0.5300,2110.95
0.5400,2092.723
0.5500,2023.915
0.5600,2026.119
0.5700,2077.354
0.5800,2071.49
0.5900,2057.928
0.6000,2114.604
0.6100,2107.664
0.6200,2154.563
0.6300,2115.234
0.6400,2138.601
0.6500,2065.322
0.6600,2115.977
0.6700,2149.688
0.6800,2143.034
0.6900,2074.098
0.7000,2194.854
0.7100,2145.793
0.7200,2179.075
0.7300,2175.56
0.7400,2181.143
0.7500,2240.919
0.7600,2125.548
0.7700,2202.563
0.7800,2265.55
0.7900,2180.265
0.8000,2154.069
0.8100,2185.205
0.8200,2231.354
0.8300,2189.91
0.8400,2199.566
0.8500,2170.426
0.8600,2221.662
0.8700,2300.246
0.8800,2214.231
0.8900,2323.524
0.9000,2271.79
0.9100,2238.901
0.9200,2224.783
0.9300,2322.199
0.9400,2261.519
0.9500,2343.808
0.9600,2214.81
0.9700,2369.729
0.9800,2245.711
0.9900,2251.627
1.0000,2238.884
1.0100,2291.606
1.0200,2311.047
1.0300,2302.21
1.0400,2332.387
1.0500,2337.776
1.0600,2294.877
1.0700,2222.211
1.0800,2257.757
1.0900,2313.353
1.1000,2250.163
1.1100,2335.413
1.1200,2260.413
1.1300,2258.693
1.1400,2286.314
1.1500,2249.812
1.1600,2305.041
1.1700,2265.318
1.1800,2288.986
1.1900,2275.394
1.2000,2317.047
1.2100,2324.695
1.2200,2385.098
1.2300,2309.361
1.2400,2295.53
1.2500,2201.781
1.2600,2276.043
1.2700,2304.899
1.2800,2327.699
1.2900,2294.515
1.3000,2303.684
1.3100,2256.021
1.3200,2176.573
1.3300,2345.798
1.3400,2241.234
1.3500,2306.507
1.3600,2263.476
1.3700,2281.545
1.3800,2352.405
1.3900,2210.039
1.4000,2208.068
1.4100,2355.831
1.4200,2291.361
1.4300,2312.27
1.4400,2316.405
1.4500,2424.86
1.4600,2278.029
1.4700,2410.859
1.4800,2350.601
1.4900,2303.548
1.5000,2338.786
1.5100,2364.355
1.5200,2369.142
1.5300,2347.176
1.5400,2411.149
1.5500,2335.632
1.5600,2434.262
1.5700,2297.963
1.5800,2356.165
1.5900,2316.334
1.6000,2403.966
1.6100,2405.688
1.6200,2422.522
1.6300,2444.108
1.6400,2426.699
1.6500,2383.21
1.6600,2395.893
1.6700,2413.918
1.6800,2338.513
1.6900,2470.23
1.7000,2398.641
1.7100,2404.355
1.7200,2454.549
1.7300,2447.128
1.7400,2453.555
1.7500,2454.991
1.7600,2365.698
1.7700,2385.999
1.7800,2350.112
1.7900,2294.941
1.8000,2351.983
1.8100,2336.845
1.8200,2368.26
1.8300,2287.249
1.8400,2389.224
1.8500,2242.54
1.8600,2271.724
1.8700,2266.693
1.8800,2268.225
1.8900,2312.283
1.9000,2224.449
1.9100,2254.235
1.9200,2263.526
1.9300,2325.765
1.9400,2261.265
1.9500,2231.655
1.9600,2291.459
1.9700,2254.027
1.9800,2272.953
1.9900,2208.193
2.0000,2214.469
2.0100,2251.076
2.0200,2278.741
2.0300,2254.019
2.0400,2325.948
2.0500,2214.718
2.0600,2259.01
2.0700,2281.263
2.0800,2304.542
2.0900,2273.208
2.1000,2339.552
2.1100,2336.525
2.1200,2332.351
2.1300,2257.145
2.1400,2307.523
2.1500,2328.601
2.1600,2299.603
2.1700,2371.803
2.1800,2275.762
2.1900,2420.064
2.2000,2317.991
2.2100,2375.901
2.2200,2285.913
2.2300,2236.047
2.2400,2316.882
2.2500,2307.014
2.2600,2309.684
2.2700,2310.929
2.2800,2308.683
2.2900,2286.512
2.3000,2284.563
2.3100,2351.764
2.3200,2316.745
2.3300,2297.616
2.3400,2287.456
2.3500,2264.663
2.3600,2271.529
2.3700,2351.342
2.3800,2235.268
2.3900,2292.504
2.4000,2326.093
2.4100,2283.843
2.4200,2301.833
2.4300,2266.961
2.4400,2293.95
2.4500,2215.181
2.4600,2320.387
2.4700,2297.087
2.4800,2325.788
2.4900,2318.892
2.5000,2306.191
2.5100,2289.986
2.5200,2245.273
2.5300,2275.273
2.5400,2274.273
2.5500,2250.66
2.5600,2226.548
2.5700,2207.487
2.5800,2221.002
2.5900,2274.132
2.6000,2272.634
2.6100,2249.649
2.6200,2237.062
2.6300,2175.561
2.6400,2273.42
2.6500,2253.111
2.6600,2194.929
2.6700,2214.633
2.6800,2187.952
2.6900,2232.723
2.7000,2203.659
2.7100,2215.679
2.7200,2295.532
2.7300,2218.519
2.7400,2206.303
2.7500,2212.473
2.7600,2209.781
2.7700,2354.285
2.7800,2262.892
2.7900,2303.035
2.8000,2270.357
2.8100,2270.51
2.8200,2271.693
2.8300,2257.174
2.8400,2264.499
2.8500,2285.616
2.8600,2319.845
2.8700,2346.648
2.8800,2286.347
2.8900,2336.854
2.9000,2261.955
2.9100,2303.96
2.9200,2388.832
2.9300,2365.842
2.9400,2351.892
2.9500,2386.734
2.9600,2325.748
2.9700,2347.843
2.9800,2322.097
2.9900,2307.665
3.0000,2305.276
3.0100,2285.749
3.0200,2370.113
3.0300,2257.715
3.0400,2272.345
3.0500,2236.788
3.0600,2341.332
3.0700,2237.002
3.0800,2222.749
3.0900,2355.116
3.1000,2155.501
3.1100,2177.972
3.1200,2208.473
3.1300,2147.798
3.1400,2237.048
3.1500,2133.202
3.1600,2167.262
3.1700,2182.272
3.1800,2194.71
3.1900,2155.446
3.2000,2167.343
3.2100,2184.747
3.2200,2137.077
3.2300,2147.97
3.2400,2168.44
3.2500,2164.337
3.2600,2189.567
3.2700,2226.606
3.2800,2231.099
3.2900,2183.274
3.3000,2207.399
3.3100,2335.711
3.3200,2210.258
3.3300,2302.71
3.3400,2231.993
3.3500,2310.012
3.3600,2254.022
3.3700,2310.472
3.3800,2247.732
3.3900,2387.113
3.4000,2290.23
3.4100,2376.969
3.4200,2328.328
3.4300,2401.715
3.4400,2378.332
3.4500,2318.67
3.4600,2341.196
3.4700,2384.992
3.4800,2390.86
3.4900,2373.23
3.5000,2439.03
3.5100,2411.611
3.5200,2315.288
3.5300,2444.761
3.5400,2431.082
3.5500,2467.556
3.5600,2405.46
3.5700,2469.152
3.5800,2460.46
3.5900,2407.751
3.6000,2429.913
3.6100,2486.455
3.6200,2501.779
3.6300,2420.298
3.6400,2497.841
3.6500,2425.647
3.6600,2495.37
3.6700,2484.942
3.6800,2447.449
3.6900,2474.014
3.7000,2473.356
3.7100,2419.325
3.7200,2430.966
3.7300,2540.893
3.7400,2428.749
3.7500,2441.672
3.7600,2385.308
3.7700,2581.006
3.7800,2430.478
3.7900,2481.125
3.8000,2439.126
3.8100,2424.414
3.8200,2464.188
3.8300,2416.213
3.8400,2444.158
3.8500,2462.588
3.8600,2478.01
3.8700,2459.98
3.8800,2386.894
3.8900,2378.759
3.9000,2420.752
3.9100,2461.616
3.9200,2334.857
3.9300,2414.111
3.9400,2348.674
3.9500,2414.711
3.9600,2424.136
3.9700,2516.419
3.9800,2421.448
3.9900,2463.139
4.0000,2373.045
4.0100,2388.705
4.0200,2370.027
4.0300,2460.92
4.0400,2394.841
4.0500,2485.344
4.0600,2495.367
4.0700,2430.719
4.0800,2537.018
4.0900,2512.799
4.1000,2515.78
4.1100,2436.733
4.1200,2550.41
4.1300,2507.042
4.1400,2524.868
4.1500,2496.67
4.1600,2584.861
4.1700,2589.65
4.1800,2480.553
4.1900,2547.659
4.2000,2573.765
4.2100,2512.64
4.2200,2563.927
4.2300,2502.311
4.2400,2563.548
4.2500,2489.687
4.2600,2502.433
4.2700,2477.762
4.2800,2458.635
4.2900,2499.616
4.3000,2423.602
4.3100,2512.497
4.3200,2498.801
4.3300,2500.779
4.3400,2474.696
4.3500,2474.822
4.3600,2554.945
4.3700,2496.068
4.3800,2481.207
4.3900,2567.524
4.4000,2422.77
4.4100,2523.251
4.4200,2478.436
4.4300,2525.439
4.4400,2509.749
4.4500,2602.273
4.4600,2554.828
4.4700,2551.128
4.4800,2562.821
4.4900,2534.853
4.5000,2533.306
4.5100,2504.286
4.5200,2503.221
4.5300,2506.151
4.5400,2580.242
4.5500,2507.999
4.5600,2544.401
4.5700,2492.055
4.5800,2548.871
4.5900,2498.304
4.6000,2563.719
4.6100,2491.744
4.6200,2545.458
4.6300,2452.548
4.6400,2451.896
4.6500,2444.012
4.6600,2420.399
4.6700,2417.404
4.6800,2356.642
4.6900,2307.576
4.7000,2443.091
4.7100,2449.391
4.7200,2470.327
4.7300,2348.46
4.7400,2489.485
4.7500,2410.858
4.7600,2393.684
4.7700,2357.737
4.7800,2355.803
4.7900,2407.376
4.8000,2366.424
4.8100,2413.806
4.8200,2398.975
4.8300,2372.998
4.8400,2378.595
4.8500,2497.6
4.8600,2358.133
4.8700,2399.521
4.8800,2399.035
4.8900,2420.88
4.9000,2394.665
4.9100,2411.577
4.9200,2321.224
4.9300,2505.288
4.9400,2410.156
4.9500,2443.533
4.9600,2441.88
4.9700,2445.776
4.9800,2481.266
4.9900,2431.855
5.0000,2401.227
5.0100,2478.561
5.0200,2438.839
5.0300,2520.601
5.0400,2408.093
5.0500,2458.587
5.0600,2477.255
5.0700,2487.998
5.0800,2500.022
5.0900,2506.725
5.1000,2488.7
5.1100,2535.101
5.1200,2532.671
5.1300,2548.197
5.1400,2544.122
5.1500,2552.4
5.1600,2639.99
5.1700,2441.463
5.1800,2659.419
5.1900,2589.588
5.2000,2480.127
5.2100,2625.994
5.2200,2631.341
5.2300,2579.658
5.2400,2594.49
5.2500,2583.732
5.2600,2588.115
5.2700,2540.228
5.2800,2543.485
5.2900,2491.399
5.3000,2508.156
5.3100,2577.025
5.3200,2581.935
5.3300,2518.558
5.3400,2471.772
5.3500,2538.066
5.3600,2473.383
5.3700,2491.238
5.3800,2445.146
5.3900,2488.041
5.4000,2495.95
5.4100,2474.126
5.4200,2505.985
5.4300,2439.007
5.4400,2523.62
5.4500,2486.497
5.4600,2544.334
5.4700,2430.696
5.4800,2456.895
5.4900,2595.649
5.5000,2459.573
5.5100,2438.269
5.5200,2494.991
5.5300,2488.065
5.5400,2509.221
5.5500,2558.601
5.5600,2532.025
5.5700,2562.335
5.5800,2519.881
5.5900,2624.652
5.6000,2574.176
5.6100,2577.342
5.6200,2545.695
5.6300,2626.017
5.6400,2593.597
5.6500,2644.25
5.6600,2603.543
5.6700,2630.556
5.6800,2670.527
5.6900,2719.966
5.7000,2614.107
5.7100,2665.143
5.7200,2637.958
5.7300,2632.259
5.7400,2666.819
5.7500,2699.876
5.7600,2658.542
5.7700,2739.049
5.7800,2739.972
5.7900,2814.449
5.8000,2701.271
5.8100,2734.95
5.8200,2831.412
5.8300,2767.769
5.8400,2734.89
5.8500,2821.484
5.8600,2719.593
5.8700,2821.137
5.8800,2775.057
5.8900,2748.102
5.9000,2675.79
5.9100,2798.477
5.9200,2746.621
5.9300,2743.459
5.9400,2728.748
5.9500,2743.076
5.9600,2765.223
5.9700,2801.641
5.9800,2774.239
5.9900,2781.141
6.0000,2788.102
6.0100,2724
6.0200,2751.79
6.0300,2721.416
6.0400,2812.624
6.0500,2825.167
6.0600,2817.618
6.0700,2815.237
6.0800,2718.557
6.0900,2718.373
6.1000,2732.978
6.1100,2719.51
6.1200,2749.288
6.1300,2750.347
6.1400,2716.181
6.1500,2725.615
6.1600,2707.171
6.1700,2722.422
6.1800,2657.72
6.1900,2746.667
6.2000,2696.56
6.2100,2645.441
6.2200,2733.822
6.2300,2678.896
6.2400,2735.649
6.2500,2804.306
6.2600,2742.157
6.2700,2732.838
6.2800,2714.554
6.2900,2699.286
6.3000,2695.665
6.3100,2735.707
6.3200,2716.793
6.3300,2746.781
6.3400,2728.212
6.3500,2742.542
6.3600,2692.501
6.3700,2696.711
6.3800,2700.561
6.3900,2645.656
6.4000,2720.943
6.4100,2626.473
6.4200,2735.075
6.4300,2708.808
6.4400,2814.206
6.4500,2642.752
6.4600,2690.714
6.4700,2618.344
6.4800,2704.925
6.4900,2695.476
6.5000,2656.966
6.5100,2696.909
6.5200,2684.663
6.5300,2684.619
6.5400,2768.308
6.5500,2628.279
6.5600,2734.672
6.5700,2624.261
6.5800,2622.469
6.5900,2620.637
6.6000,2691.767
6.6100,2609.333
6.6200,2706.458
6.6300,2606.89
6.6400,2686.915
6.6500,2672.87
6.6600,2563.634
6.6700,2654.472
6.6800,2672.446
6.6900,2569.866
6.7000,2675.926
6.7100,2539.458
6.7200,2699.708
6.7300,2679.844
6.7400,2667.723
6.7500,2648.536
6.7600,2591.164
6.7700,2618.497
6.7800,2667.357
6.7900,2618.887
6.8000,2738.817
6.8100,2588.315
6.8200,2694.9
6.8300,2650.723
6.8400,2655.691
6.8500,2637.922
6.8600,2653.521
6.8700,2736.935
6.8800,2688.575
6.8900,2673.997
6.9000,2653.729
6.9100,2700.53
6.9200,2677.731
6.9300,2660.363
6.9400,2679.195
6.9500,2681.657
6.9600,2638.788
6.9700,2694.998
6.9800,2714.727
6.9900,2700.642
7.0000,2726.303
7.0100,2711.832
7.0200,2729.462
7.0300,2697.364
7.0400,2670.333
7.0500,2675.486
7.0600,2750.674
7.0700,2765.922
7.0800,2784.482
7.0900,2771.041
7.1000,2671.23
7.1100,2744.399
7.1200,2750.813
7.1300,2686.632
7.1400,2706.69
7.1500,2706.138
7.1600,2709.511
7.1700,2669.218
7.1800,2814.387
7.1900,2642.197
7.2000,2685.27
7.2100,2731.203
7.2200,2723.207
7.2300,2713.815
7.2400,2767.552
7.2500,2691.188
7.2600,2745.984
7.2700,2810.677
7.2800,2733.007
7.2900,2690.611
7.3000,2728.198
7.3100,2693.724
7.3200,2758.898
7.3300,2782.185
7.3400,2753.353
7.3500,2772.675
7.3600,2762.723
7.3700,2772.679
7.3800,2835.721
7.3900,2786.354
7.4000,2832.875
7.4100,2807.448
7.4200,2758.484
7.4300,2884.669
7.4400,2822.347
7.4500,2878.563
7.4600,2882.212
7.4700,2833.812
7.4800,2867.969
7.4900,2809.283
7.5000,2899.41
7.5100,2830.693
7.5200,2900.746
7.5300,2852.465
7.5400,2860.061
7.5500,2884.991
7.5600,2900.006
7.5700,2782.894
7.5800,2857.186
7.5900,2920.808
7.6000,2918.965
7.6100,2903.272
7.6200,2839.667
7.6300,2915.859
7.6400,2868.588
7.6500,2913.372
7.6600,2924.914
7.6700,2908.051
7.6800,2934.521
7.6900,2926.444
7.7000,2964.824
7.7100,2996.788
7.7200,3017.649
7.7300,2986.594
7.7400,2967.256
7.7500,2901.283
7.7600,2976.953
7.7700,2942.185
7.7800,2932.247
7.7900,3008.846
7.8000,2965.424
7.8100,2879.415
7.8200,3045.758
7.8300,2931.804
7.8400,2995.554
7.8500,3013.612
7.8600,2930.97
7.8700,2912.398
7.8800,2899.362
7.8900,2936.243
7.9000,2938.154
7.9100,2991.996
7.9200,2878.156
7.9300,2896.139
7.9400,2896.016
7.9500,2928.578
7.9600,2975.588
7.9700,2827.853
7.9800,2866.295
7.9900,2936.108
8.0000,2901.454
8.0100,2919.405
8.0200,2950.123
8.0300,2848.944
8.0400,2882.947
8.0500,2900.841
8.0600,2898.594
8.0700,2936.165
8.0800,2883.696
8.0900,2884.459
8.1000,2893.937
8.1100,2880.635
8.1200,2844.688
8.1300,2868.835
8.1400,2834.296
8.1500,2851.089
8.1600,2850.834
8.1700,2913.667
8.1800,3028.378
8.1900,2938.046
8.2000,2873.714
8.2100,2876.906
8.2200,2862.885
8.2300,2867.137
8.2400,2841.335
8.2500,2810.245
8.2600,2844.96
8.2700,2949.348
8.2800,2911.1
8.2900,2907.212
8.3000,2892.981
8.3100,2858.027
8.3200,2817.755
8.3300,2980.438
8.3400,2924.04
8.3500,2945.852
8.3600,2871.591
8.3700,2912.136
8.3800,2959.044
8.3900,2887.116
8.4000,2938.001
8.4100,2833.75
8.4200,2864.676
8.4300,2868.053
8.4400,2817.248
8.4500,2937.101
8.4600,2977.449
8.4700,2926.142
8.4800,2852.981
8.4900,2882.47
8.5000,2908.443
8.5100,2872.727
8.5200,2884.52
8.5300,2848.045
8.5400,2900.425
8.5500,2950.083
8.5600,2957.612
8.5700,2880.294
8.5800,2895.671
8.5900,2987.405
8.6000,3026.658
8.6100,2909.787
8.6200,2841.918
8.6300,2864.864
8.6400,2935.253
8.6500,2857.523
8.6600,2872.861
8.6700,2940.777
8.6800,2909.357
8.6900,2955.249
8.7000,2868.778
8.7100,2854.891
8.7200,2959.377
8.7300,2884.486
8.7400,2884.374
8.7500,2837.38
8.7600,2889.72
8.7700,2931.239
8.7800,2894.293
8.7900,2827.887
8.8000,2831.927
8.8100,2819.562
8.8200,2832.284
8.8300,2880.728
8.8400,2888.233
8.8500,2891.381
8.8600,2861.873
8.8700,2892.5
8.8800,2921.677
8.8900,2827.049
8.9000,2931.005
8.9100,2880.316
8.9200,2981.64
8.9300,2985.477
8.9400,2870.293
8.9500,2885.358
8.9600,2890.45
8.9700,2914.081
8.9800,2927.964
8.9900,2899.896
9.0000,2964.397
9.0100,2941.282
9.0200,2949.35
9.0300,2963.905
9.0400,2882.879
9.0500,3008.061
9.0600,3019.043
9.0700,3015.126
9.0800,3068.022
9.0900,3074.661
9.1000,3019.921
9.1100,3187.85
9.1200,3211.841
9.1300,3108.428
9.1400,3077.474
9.1500,3063.208
9.1600,3029.066
9.1700,3041.999
9.1800,3040.745
9.1900,3091.01
9.2000,3078.904
9.2100,3103.13
9.2200,3090.406
9.2300,3088.751
9.2400,3064.934
9.2500,3093.65
9.2600,2943.241
9.2700,3109.124
9.2800,3010.941
9.2900,3103.233
9.3000,3059.102
9.3100,3106.164
9.3200,3017.227
9.3300,3156.907
9.3400,3097.003
9.3500,3128.314
9.3600,3099.162
9.3700,3163.213
9.3800,3130.334
9.3900,3233.93
9.4000,3075.156
9.4100,3122.631
9.4200,3151.872
9.4300,3155.692
9.4400,3283.566
9.4500,3365.939
9.4600,3297.543
9.4700,3274.826
9.4800,3175.532
9.4900,3086
9.5000,3086.763
9.5100,3195.038
9.5200,3200.339
9.5300,3182.197
9.5400,3336.598
9.5500,3408.672
9.5600,3230.065
9.5700,3175.707
9.5800,3223.028
9.5900,3214.99
9.6000,3148.026
9.6100,3126.637
9.6200,3116.701
9.6300,3155.098
9.6400,3188.874
9.6500,3112.301
9.6600,3195.891
9.6700,3245.315
9.6800,3140.428
9.6900,3170.574
9.7000,3171.991
9.7100,3133.559
9.7200,3087.885
9.7300,3216.156
9.7400,3024.298
9.7500,3108.632
9.7600,3139.744
9.7700,3062.515
9.7800,3094.153
9.7900,3064.234
9.8000,3071.859
9.8100,3019.702
9.8200,3103.194
9.8300,3138.586
9.8400,3016.763
9.8500,3054.873
9.8600,3229.57
9.8700,3214.802
9.8800,3095.238
9.8900,2981.227
9.9000,3031.114
9.9100,3016.217
9.9200,3175.122
9.9300,3176.687
9.9400,3149.828
9.9500,3101.005
9.9600,3292.121
9.9700,3354.474
9.9800,3221.282
9.9900,3165.293
10.0000,3103.792
10.0100,3234.731
10.0200,3166.498
10.0300,3252.227
10.0400,3200.147
10.0500,3338.929
10.0600,3408.762
10.0700,3333.638
10.0800,3291.938
10.0900,3284.641
10.1000,3217.343
10.1100,3219.785
10.1200,3271.186
10.1300,3237.987
10.1400,3488.918
10.1500,3441.597
10.1600,3449.45
10.1700,3397.044
10.1800,3439.646
10.1900,3245.203
10.2000,3271.573
10.2100,3140.209
10.2200,3256.834
10.2300,3197.187
10.2400,3205.44
10.2500,3172.184
10.2600,3325.474
10.2700,3341.896
10.2800,3347.756
10.2900,3165.063
10.3000,3237.136
10.3100,3186.235
10.3200,3133.072
10.3300,3333.804
10.3400,3397.854
10.3500,3282.55
10.3600,3467.336
10.3700,3367.815
10.3800,3206.43
10.3900,3147.403
10.4000,3271.568
10.4100,3225.909
10.4200,3270.23
10.4300,3176.223
10.4400,3146.884
10.4500,3146.983
10.4600,3127.924
10.4700,3338.937
10.4800,3355.141
10.4900,3351.946
10.5000,3398.079
10.5100,3426.254
10.5200,3525.954
10.5300,3595.264
10.5400,3579.685
10.5500,3622.301
10.5600,3644.338
10.5700,3573.636
10.5800,3525.29
10.5900,3517.432
10.6000,3493.671
10.6100,3423.594
10.6200,3576.395
10.6300,3506.12
10.6400,3585.269
10.6500,3495.936
10.6600,3539.666
10.6700,3388.577
10.6800,3457.469
10.6900,3464.959
10.7000,3486.88
10.7100,3529.691
10.7200,3382.356
10.7300,3250.557
10.7400,3501.699
10.7500,3408.487
10.7600,3518.281
10.7700,3477.739
10.7800,3531.083
10.7900,3506.576
10.8000,3508.955
10.8100,3447.195
10.8200,3580.259
10.8300,3645.855
10.8400,3689.729
10.8500,3702.421
10.8600,3714.111
10.8700,3674.526
10.8800,3747.647
10.8900,3595.229
10.9000,3823.357
10.9100,3856.051
10.9200,3833.55
10.9300,3784.76
10.9400,3786.108
10.9500,3622.483
10.9600,3592.734
10.9700,3680.404
10.9800,3638.569
10.9900,3730.249
11.0000,3688.689
11.0100,3808.36
11.0200,3821.933
11.0300,3803.79
11.0400,3758.132
11.0500,3850.882
11.0600,3753.8
11.0700,3673.616
11.0800,3675.301
11.0900,3686.936
11.1000,3710.866
11.1100,3758.179
11.1200,3700.134
11.1300,3817.595
11.1400,3656.315
11.1500,3634.762
11.1600,3583.786
11.1700,3718.171
11.1800,3619.454
11.1900,3732.74
11.2000,3681.397
11.2100,3625.981
11.2200,3653.803
11.2300,3515.381
11.2400,3691.091
11.2500,3681.936
11.2600,3739.279
11.2700,3726.529
11.2800,3632.934
11.2900,3586.928
11.3000,3606.493
11.3100,3478.943
11.3200,3589.783
11.3300,3574.96
11.3400,3585.3
11.3500,3744.134
11.3600,3770.666
11.3700,3766.34
11.3800,3699.542
11.3900,3623.488
11.4000,3573.594
11.4100,3582.071
11.4200,3607.22
11.4300,3686.744
11.4400,3641.142
11.4500,3724.969
11.4600,3659.063
11.4700,3590.872
11.4800,3606.027
11.4900,3713.727
11.5000,3673.062
11.5100,3838.141
11.5200,3706.207
11.5300,3672.929
11.5400,3654.871
11.5500,3605.724
11.5600,3756.957
11.5700,3758.712
11.5800,3753.627
11.5900,3732.071
11.6000,3783.867
11.6100,3852.783
11.6200,3750.64
11.6300,3790.527
11.6400,3839.191
11.6500,3799.891
11.6600,3787.115
11.6700,3691.979
11.6800,3845.992
11.6900,3881.062
11.7000,3784.843
11.7100,3854.19
11.7200,3788.974
11.7300,3843.953
11.7400,3793.873
11.7500,3845.71
11.7600,3828.943
11.7700,3853.726
11.7800,3758.303
11.7900,3648.825
11.8000,3737.374
11.8100,3772.354
11.8200,3717.737
11.8300,3807.237
11.8400,3859.328
11.8500,3848.656
11.8600,3893.744
11.8700,3857.738
11.8800,3873.159
11.8900,3911.799
11.9000,3963.21
11.9100,4084.851
11.9200,4011.353
11.9300,3989.945
11.9400,3928.537
11.9500,3903.159
11.9600,3698.612
11.9700,3700.768
11.9800,3795.171
11.9900,3775.588
12.0000,3743.571
12.0100,3749.562
12.0200,3779.788
12.0300,3791.169
12.0400,3801.733
12.0500,3716.458
12.0600,3651.871
12.0700,3707.7
12.0800,3694.477
12.0900,3705.27
12.1000,3709.524
12.1100,3755.483
12.1200,3760.322
12.1300,3688.968
12.1400,3782.841
12.1500,3745.868
12.1600,3833.196
12.1700,3806.195
12.1800,3609.843
12.1900,3577.513
12.2000,3596.014
12.2100,3633.574
12.2200,3720.626
12.2300,3656.277
12.2400,3877.792
12.2500,3870.495
12.2600,3822.58
12.2700,3825.858
12.2800,3931.241
12.2900,3919.979
12.3000,3953.664
12.3100,3993.903
12.3200,4103.443
12.3300,4126.078
12.3400,4204.703
12.3500,4319.584
12.3600,4245.127
12.3700,4127.367
12.3800,4140.733
12.3900,4168.522
12.4000,4102.977
12.4100,4108.388
12.4200,4188.292
12.4300,4201.97
12.4400,4226.512
12.4500,4287.167
12.4600,4273.475
12.4700,4325.614
12.4800,4275.356
12.4900,4220.461
12.5000,4285.575
12.5100,4271.621
12.5200,4339.843
12.5300,4396.466
12.5400,4410.601
12.5500,4394.058
12.5600,4454.809
12.5700,4494.536
12.5800,4350.32
12.5900,4397.103
12.6000,4480.849
12.6100,4428.306
12.6200,4489.233
12.6300,4327.805
12.6400,4426.902
12.6500,4422.518
12.6600,4378.643
12.6700,4411.34
12.6800,4424.213
12.6900,4482.275
12.7000,4413.509
12.7100,4434.671
12.7200,4522.757
12.7300,4474.14
12.7400,4514.046
12.7500,4544.725
12.7600,4520.599
12.7700,4571.692
12.7800,4580.867
12.7900,4423.186
12.8000,4443.879
12.8100,4388.019
12.8200,4455.601
12.8300,4462.576
12.8400,4566.065
12.8500,4516.857
12.8600,4472.471
12.8700,4583.315
12.8800,4614.667
12.8900,4466.527
12.9000,4566.664
12.9100,4552.989
12.9200,4568.488
12.9300,4435.585
12.9400,4327.251
12.9500,4452.154
12.9600,4373.294
12.9700,4394.627
12.9800,4467.894
12.9900,4503.377
13.0000,4615.341
13.0100,4575.785
13.0200,4469.768
13.0300,4471.228
13.0400,4344.651
13.0500,4464.226
13.0600,4495.605
13.0700,4514.61
13.0800,4540.618
13.0900,4640.799
13.1000,4541.347
13.1100,4562.474
13.1200,4475.865
13.1300,4445.375
13.1400,4405.642
13.1500,4351.148
13.1600,4515.211
13.1700,4510.405
13.1800,4610.088
13.1900,4613.093
13.2000,4673.224
13.2100,4648.779
13.2200,4711.34
13.2300,4777.823
13.2400,4802.944
13.2500,4704.214
13.2600,4776.351
13.2700,4712.248
13.2800,4827.77
13.2900,4724.755
13.3000,4843.718
13.3100,4843.451
13.3200,5015.208
13.3300,4879.326
13.3400,4931.183
13.3500,4810.25
13.3600,4949.375
13.3700,4898.288
13.3800,4889.087
13.3900,4932.677
13.4000,4873.79
13.4100,4994.781
13.4200,5032.226
13.4300,5075.415
13.4400,5051.806
13.4500,5204.743
13.4600,5103.518
13.4700,5073.724
13.4800,4870.117
13.4900,4876.028
13.5000,4933.069
13.5100,4971.483
13.5200,5052.125
13.5300,5089.75
13.5400,5085.112
13.5500,5116.177
13.5600,5136.895
13.5700,5201.458
13.5800,5226.811
13.5900,5227.043
13.6000,5357.365
13.6100,5166.604
13.6200,5028.326
13.6300,4885.739
13.6400,4736.06
13.6500,4762.89
13.6600,4701.975
13.6700,4846.63
13.6800,4828.634
13.6900,4893.228
13.7000,4873.753
13.7100,4878.611
13.7200,4956.829
13.7300,4934.127
13.7400,4998.293
13.7500,4841.505
13.7600,4836.771
13.7700,4690.314
13.7800,4869.75
13.7900,4868.69
13.8000,4885.184
13.8100,4783.898
13.8200,4928.814
13.8300,4895.433
13.8400,5037.666
13.8500,5077.206
13.8600,5082.98
13.8700,5176.753
13.8800,5237.459
13.8900,5104.573
13.9000,5223.634
13.9100,5231.1
13.9200,5381.555
13.9300,5182.529
13.9400,5200.426
13.9500,5233.426
13.9600,5249.99
13.9700,5354.975
13.9800,5422.607
13.9900,5399.269
14.0000,5389.407
14.0100,5364.489
14.0200,5342.614
14.0300,5368.204
14.0400,5340.905
14.0500,5477.809
14.0600,5370.14
14.0700,5436.713
14.0800,5482.663
14.0900,5550.122
14.1000,5553.047
14.1100,5595.483
14.1200,5664.018
14.1300,5623.845
14.1400,5588.899
14.1500,5528.356
14.1600,5709.438
14.1700,5662.334
14.1800,5703.949
14.1900,5731.493
14.2000,5666.622
14.2100,5698.641
14.2200,5734.563
14.2300,5850.753
14.2400,5833.492
14.2500,5844.608
14.2600,5877.624
14.2700,5919.152
14.2800,5918.479
14.2900,6081.55
14.3000,5999.651
14.3100,6090.793
14.3200,6096.895
14.3300,6092.724
14.3400,5936.547
14.3500,6073.1
14.3600,6009.219
14.3700,6000.496
14.3800,6020.743
14.3900,6049.339
14.4000,5927.743
14.4100,6058.182
14.4200,5928.027
14.4300,6043.864
14.4400,5960.508
14.4500,5946.385
14.4600,5912.524
14.4700,5883.801
14.4800,5837.909
14.4900,5935.513
14.5000,5843.303
14.5100,5867.867
14.5200,5847.917
14.5300,5875.685
14.5400,5982.936
14.5500,5924.356
14.5600,5867.76
14.5700,5991.165
14.5800,6050.123
14.5900,5944.621
14.6000,5956.083
14.6100,5921.772
14.6200,6019.574
14.6300,6110.421
14.6400,6034.901
14.6500,6096.706
14.6600,6200.329
14.6700,6141.549
14.6800,6121.428
14.6900,6042.677
14.7000,6110.953
14.7100,6106.5
14.7200,6123.791
14.7300,6199.801
14.7400,6164.303
14.7500,6179.708
14.7600,5976.497
14.7700,5704.586
14.7800,5792.468
14.7900,5801.183
14.8000,5643.294
14.8100,5484.361
14.8200,5380.049
14.8300,5398.185
14.8400,5248.827
14.8500,5366.276
14.8600,5102.253
14.8700,5038.332
14.8800,4933.794
14.8900,4919.646
14.9000,4998.436
14.9100,4793.709
14.9200,4776.039
14.9300,4800.069
14.9400,4753.171
14.9500,4730.597
14.9600,4760.318
14.9700,4784.555
14.9800,4868.905
14.9900,4790.542
15.0000,4834.653
15.0100,4979.208
15.0200,4970.616
15.0300,4913.593
15.0400,5098.09
15.0500,5071.534
15.0600,5033.373
15.0700,5089.436
15.0800,5049.097
15.0900,5043.501
15.1000,5110.982
15.1100,5098.034
15.1200,5148.992
15.1300,5106.916
15.1400,5125.439
15.1500,5022.655
15.1600,4867.842
15.1700,4889.297
15.1800,4951.11
15.1900,4857.061
15.2000,4814.222
15.2100,4919.148
15.2200,5004.013
15.2300,4960.182
15.2400,5109.981
15.2500,5018.077
15.2600,4979.979
15.2700,4959.561
15.2800,4913.096
15.2900,4897.103
15.3000,4903.101
15.3100,4858.436
15.3200,4807.516
15.3300,4926.179
15.3400,5013.347
15.3500,4968.407
15.3600,5017.733
15.3700,4926.038
15.3800,4945.938
15.3900,4957.83
15.4000,4894.037
15.4100,4930.805
15.4200,4931.844
15.4300,4940.608
15.4400,5065.786
15.4500,5089.449
15.4600,5161.921
15.4700,5230.744
15.4800,5332.137
15.4900,5323.066
15.5000,5288.941
15.5100,5244.696
15.5200,5316.046
15.5300,5331.512
15.5400,5215.848
15.5500,5254.87
15.5600,5335.479
15.5700,5238.21
15.5800,5117.006
15.5900,5010.924
15.6000,5107.224
15.6100,4921.031
15.6200,5115.652
15.6300,4993.252
15.6400,5146.413
15.6500,5102.818
15.6600,5194.798
15.6700,5190.485
15.6800,5329.921
15.6900,5354.637
15.7000,5404.419
15.7100,5345.53
15.7200,5201.853
15.7300,5198.491
15.7400,5283.558
15.7500,5159.384
15.7600,5287.329
15.7700,5184.141
15.7800,5257.194
15.7900,5326.183
15.8000,5332.84
15.8100,5358.03
15.8200,5311.064
15.8300,5299.179
15.8400,5455.596
15.8500,5340.253
15.8600,5339.292
15.8700,5320.816
15.8800,5353.889
15.8900,5427.305
15.9000,5427.628
15.9100,5459.716
15.9200,5453.773
15.9300,5369.855
15.9400,5260.906
15.9500,5343.365
15.9600,5352.849
15.9700,5354.078
15.9800,5346.055
15.9900,5374.03
16.0000,5345.642
16.0100,5375.217
16.0200,5413.753
16.0300,5434.701
16.0400,5432.739
16.0500,5466.542
16.0600,5491.546
16.0700,5493.645
16.0800,5524.206
16.0900,5556.141
16.1000,5609.979
16.1100,5551.468
16.1200,5511.966
16.1300,5525.672
16.1400,5576.557
16.1500,5603.075
16.1600,5434.876
16.1700,5449.456
16.1800,5393.18
16.1900,5538.595
16.2000,5447.686
16.2100,5411.435
16.2200,5453.432
16.2300,5378.635
16.2400,5471.167
16.2500,5446.564
16.2600,5505.609
16.2700,5435.881
16.2800,5503.095
16.2900,5527.895
16.3000,5345.469
16.3100,5307.855
16.3200,5435.446
16.3300,5397.665
16.3400,5417.845
16.3500,5451.983
16.3600,5435.946
16.3700,5366.745
16.3800,5428.627
16.3900,5374.74
16.4000,5415.625
16.4100,5373.739
16.4200,5358.156
16.4300,5420.982
16.4400,5363.938
16.4500,5354.793
16.4600,5388.402
16.4700,5318.957
16.4800,5311.472
16.4900,5374.451
16.5000,5431.831
16.5100,5421.109
16.5200,5347.271
16.5300,5408.232
16.5400,5476.921
16.5500,5474.937
16.5600,5269.688
16.5700,5284.591
16.5800,5192.11
16.5900,5282.645
16.6000,5276.708
16.6100,5303.401
16.6200,5341.225
16.6300,5317.29
16.6400,5347.218
16.6500,5327.26
16.6600,5310.069
16.6700,5402.465
16.6800,5413.49
16.6900,5589.432
16.7000,5497.482
16.7100,5493.378
16.7200,5619.019
16.7300,5594.428
16.7400,5579.942
16.7500,5503.969
16.7600,5501.432
16.7700,5529.853
16.7800,5600.172
16.7900,5533.284
16.8000,5571.69
16.8100,5472.851
16.8200,5589.58
16.8300,5574.228
16.8400,5556.77
16.8500,5630.538
16.8600,5629.516
16.8700,5760.958
16.8800,5754.857
16.8900,5729.106
16.9000,5573.809
16.9100,5620.302
16.9200,5591.336
16.9300,5651.674
16.9400,5696.201
16.9500,5709.337
16.9600,5750.492
16.9700,5763.947
16.9800,5941.397
16.9900,5980.062
17.0000,5975.284
17.0100,6009.918
17.0200,5982.064
17.0300,6105.938
17.0400,6086.965
17.0500,6161.533
17.0600,6091.521
17.0700,6047.158
17.0800,6043.528
17.0900,6125.451
17.1000,6083.645
17.1100,6148.012
17.1200,6140.156
17.1300,6200.572
17.1400,6316.35
17.1500,6163.972
17.1600,6222.998
17.1700,6212.727
17.1800,6259.113
17.1900,6194.557
17.2000,6207.552
17.2100,6185.506
17.2200,6122.379
17.2300,6160.061
17.2400,6020.87
17.2500,6093.84
17.2600,6060.926
17.2700,6107.266
17.2800,6060.865
17.2900,6108.79
17.3000,6077.11
17.3100,6100.808
17.3200,6094.316
17.3300,6090.659
17.3400,6049.498
17.3500,6137.748
17.3600,6094.608
17.3700,6078.979
17.3800,6138.221
17.3900,6162.868
17.4000,6094.204
17.4100,6141.315
17.4200,6224.569
17.4300,6168.206
17.4400,6289.846
17.4500,6199.946
17.4600,6292.089
17.4700,6262.241
17.4800,6199.754
17.4900,6276.901
17.5000,6216.054
17.5100,6311.092
17.5200,6278.662
17.5300,6257.155
17.5400,6376.578
17.5500,6325.874
17.5600,6418.745
17.5700,6339.349
17.5800,6351.296
17.5900,6314.409
17.6000,6380.576
17.6100,6427.257
17.6200,6460.452
17.6300,6471.406
17.6400,6450.889
17.6500,6471.063
17.6600,6544.297
17.6700,6502.613
17.6800,6537.523
17.6900,6615.054
17.7000,6611.541
17.7100,6630.158
17.7200,6594.46
17.7300,6528.456
17.7400,6544.752
17.7500,6562.763
17.7600,6634.768
17.7700,6570.145
17.7800,6637.192
17.7900,6604.211
17.8000,6508.599
17.8100,6482.436
17.8200,6566.612
17.8300,6569.451
17.8400,6602.532
17.8500,6563.493
17.8600,6647.972
17.8700,6599.757
17.8800,6674.62
17.8900,6593.694
17.9000,6548.687
17.9100,6529.778
17.9200,6467.699
17.9300,6483.177
17.9400,6515.658
17.9500,6532.821
17.9600,6555.268
17.9700,6536.462
17.9800,6569.188
17.9900,6582.533
18.0000,6577.329
18.0100,6695.886
18.0200,6624.47
18.0300,6615.427
18.0400,6600.392
18.0500,6686.282
18.0600,6741.938
18.0700,6782.398
18.0800,6889.331
18.0900,6799.516
18.1000,6877.369
18.1100,6794.112
18.1200,6845.221
18.1300,6833.782
18.1400,6885.678
18.1500,6890.226
18.1600,6978.305
18.1700,6954.943
18.1800,7046.873
18.1900,7015.579
18.2000,7001.776
18.2100,6975.093
18.2200,6910.172
18.2300,6995.551
18.2400,6943.629
18.2500,6995.467
18.2600,6928.549
18.2700,7092.48
18.2800,6986.244
18.2900,6979.439
18.3000,7066.931
18.3100,6970.43
18.3200,6865.118
18.3300,6937.24
18.3400,7025.705
18.3500,7002.829
18.3600,6984.611
18.3700,6983.607
18.3800,7055.055
18.3900,6947.779
18.4000,7061.565
18.4100,7004.099
18.4200,7108.592
18.4300,7129.992
18.4400,7112.326
18.4500,7089.891
18.4600,7100.351
18.4700,7218.752
18.4800,7312.36
18.4900,7210.625
18.5000,7028.196
18.5100,7007.012
18.5200,7115.972
18.5300,7105.058
18.5400,7264.267
18.5500,7137.58
18.5600,7339.808
18.5700,7367.137
18.5800,7382.246
18.5900,7341.859
18.6000,7251.522
18.6100,7381.962
18.6200,7330.233
18.6300,7350.902
18.6400,7393.111
18.6500,7446.228
18.6600,7467.37
18.6700,7454.734
18.6800,7454.636
18.6900,7498.459
18.7000,7477.543
18.7100,7473.029
18.7200,7557.64
18.7300,7566.506
18.7400,7546.514
18.7500,7607.347
18.7600,7655.545
18.7700,7595.189
18.7800,7556.888
18.7900,7642.917
18.8000,7633.34
18.8100,7710.966
18.8200,7721.998
18.8300,7688.762
18.8400,7661.694
18.8500,7728.815
18.8600,7756.875
18.8700,7755.2
18.8800,7760.38
18.8900,7814.218
18.9000,7925.479
18.9100,7782.412
18.9200,7860.034
18.9300,7894.9
18.9400,7874.929
18.9500,7974.757
18.9600,7994.606
18.9700,8009.376
18.9800,8024.602
18.9900,8128.92
19.0000,8134.052
19.0100,8057.32
19.0200,8134.364
19.0300,8024.641
19.0400,8149.891
19.0500,8156.217
19.0600,8172.816
19.0700,8100.397
19.0800,8125.812
19.0900,8192.84
19.1000,8118.743
19.1100,7934.97
19.1200,7799.937
19.1300,7691.026
19.1400,7768.08
19.1500,7454.785
19.1600,7423.336
19.1700,7367.703
19.1800,7417.159
19.1900,7339.134
19.2000,7240.587
19.2100,7241.471
19.2200,7251.675
19.2300,7193.205
19.2400,7051.537
19.2500,7060.612
19.2600,7020.77
19.2700,6918.166
19.2800,6968.063
19.2900,6871.971
19.3000,6927.863
19.3100,6819.751
19.3200,6844.006
19.3300,6824.621
19.3400,6826.46
19.3500,6862.943
19.3600,6831.483
19.3700,6716.908
19.3800,6720.935
19.3900,6809.104
19.4000,6849.066
19.4100,6843.354
19.4200,6930.517
19.4300,6950.061
19.4400,6860.21
19.4500,6927.363
19.4600,6845.087
19.4700,6854.255
19.4800,6958.924
19.4900,6953.886
19.5000,7015.325
19.5100,7069.186
19.5200,7062.649
19.5300,6961.482
19.5400,7168.685
19.5500,7093.565
19.5600,7114.23
19.5700,7099.689
19.5800,7058.734
19.5900,6983.895
19.6000,6948.987
19.6100,6965.133
19.6200,6986.465
19.6300,6961.313
19.6400,7007.074
19.6500,7032.768
19.6600,7016.931
19.6700,6989.784
19.6800,7107.001
19.6900,7054.893
19.7000,7065.204
19.7100,7110.552
19.7200,7121.666
19.7300,7177.128
19.7400,7149.71
19.7500,7044.278
19.7600,7022.184
19.7700,7207.147
19.7800,7182.164
19.7900,7067.385
19.8000,7216.815
19.8100,7180.913
19.8200,7268.111
19.8300,7201.82
19.8400,7207.225
19.8500,7126.043
19.8600,7153.088
19.8700,7100.708
19.8800,7175.023
19.8900,7216.258
19.9000,7115.724
19.9100,7057.292
19.9200,7168.226
19.9300,7128.191
19.9400,7313.013
19.9500,7298.931
19.9600,7169.97
19.9700,7196.397
19.9800,7229.119
19.9900,7208.732
20.0000,7224.15
20.0100,7238.781
20.0200,7231.131
20.0300,7157.438
20.0400,7268.075
20.0500,7206.555
20.0600,7224.674
20.0700,7269.158
20.0800,7304.975
20.0900,7397.335
20.1000,7413.007
20.1100,7397.565
20.1200,7277.438
20.1300,7276.09
20.1400,7293.666
20.1500,7362.968
20.1600,7306.267
20.1700,7432.692
20.1800,7527.981
20.1900,7355.157
20.2000,7356.201
20.2100,7310.224
20.2200,7307.502
20.2300,7345.284
20.2400,7486.409
20.2500,7456.021
20.2600,7486.51
20.2700,7503.789
20.2800,7477.846
20.2900,7414.531
20.3000,7421.194
20.3100,7525.229
20.3200,7411.083
20.3300,7482.65
20.3400,7474.329
20.3500,7490.782
20.3600,7565.26
20.3700,7609.886
20.3800,7493.145
20.3900,7560.351
20.4000,7529.313
20.4100,7644.268
20.4200,7654.469
20.4300,7637.525
20.4400,7681.692
20.4500,7680.939
20.4600,7638.653
20.4700,7563.655
20.4800,7622.157
20.4900,7660.677
20.5000,7662.173
20.5100,7720.605
20.5200,7678.092
20.5300,7763.748
20.5400,7729.093
20.5500,7836.922
20.5600,7807.606
20.5700,7848.132
20.5800,7919.208
20.5900,7993.731
20.6000,7992.746
20.6100,8006.05
20.6200,7947.733
20.6300,7995.117
20.6400,8046.189
20.6500,8096.486
20.6600,8136.038
20.6700,8189.441
20.6800,8059.781
20.6900,7957.884
20.7000,7846.131
20.7100,7924.67
20.7200,7921.366
20.7300,8043.75
20.7400,8038.738
20.7500,8105.505
20.7600,8046.399
20.7700,8122.582
20.7800,8085.218
20.7900,8158.957
20.8000,8092.49
20.8100,8053.488
20.8200,8033.173
20.8300,8090.627
20.8400,8163.041
20.8500,8231.79
20.8600,8233.614
20.8700,8179.838
20.8800,8154.754
20.8900,8146.83
20.9000,8061.951
20.9100,8016.52
20.9200,8065.219
20.9300,8169.629
20.9400,8045.836
20.9500,8174.496
20.9600,8206.758
20.9700,8259.247
20.9800,8304.992
20.9900,8395.252
21.0000,8517.414
21.0100,8680.584
21.0200,8679.932
21.0300,8654.804
21.0400,8708.08
21.0500,8719.358
21.0600,8737.749
21.0700,8751.604
21.0800,8781.797
21.0900,8784.604
21.1000,8856.083
21.1100,8831.405
21.1200,8914.438
21.1300,8872.657
21.1400,8866.107
21.1500,8913.127
21.1600,8974.936
21.1700,8852.526
21.1800,8880.931
21.1900,8839.059
21.2000,8886.819
21.2100,8764.624
21.2200,8824.632
21.2300,8594.854
21.2400,8581.662
21.2500,8493.484
21.2600,8533.652
21.2700,8562.772
21.2800,8575.081
21.2900,8663.38
21.3000,8773.523
21.3100,8786.586
21.3200,8791.549
21.3300,8861.961
21.3400,8916.354
21.3500,8851.493
21.3600,8866.565
21.3700,8847.974
21.3800,8878.121
21.3900,8938.345
21.4000,8908.269
21.4100,9100.27
21.4200,9023.569
21.4300,9085.483
21.4400,9150.946
21.4500,9087.13
21.4600,9216.433
21.4700,9246.288
21.4800,9390.732
21.4900,9336.519
21.5000,9345.657
21.5100,9376.414
21.5200,9482.153
21.5300,9437.279
21.5400,9534.034
21.5500,9527.426
21.5600,9571.096
21.5700,9577.8
21.5800,9570.783
21.5900,9515.499
21.6000,9324.215
21.6100,9069.75
21.6200,8949.02
21.6300,9059.476
21.6400,9015.641
21.6500,9101.282
21.6600,9047.074
21.6700,9167.636
21.6800,9148.109
21.6900,9203.344
21.7000,9122.922
21.7100,9213.689
21.7200,9132.29
21.7300,8991.406
21.7400,9060.271
21.7500,8993.226
21.7600,9019.502
21.7700,9137.729
21.7800,9115.481
21.7900,9212.127
21.8000,9154.185
21.8100,9025.538
21.8200,9184.413
21.8300,9113.519
21.8400,9047.183
21.8500,9167.107
21.8600,9182.087
21.8700,9221.194
21.8800,9234.287
21.8900,9322.821
21.9000,9277.387
21.9100,9279.983
21.9200,9214.185
21.9300,9106.226
21.9400,9079.757
21.9500,9027.044
21.9600,9072.82
21.9700,9119.705
21.9800,9221.037
21.9900,9236.998
22.0000,9263.39
22.0100,9170.195
22.0200,9248.685
22.0300,9151.689
22.0400,9183.423
22.0500,9262.388
22.0600,9338.553
22.0700,9340.233
22.0800,9316.766
22.0900,9445.059
22.1000,9516.195
22.1100,9548.295
22.1200,9517.604
22.1300,9530.095
22.1400,9478.547
22.1500,9485.574
22.1600,9365.054
22.1700,9346.309
22.1800,9276.109
22.1900,9267.401
22.2000,9363.551
22.2100,9481.728
22.2200,9433.303
22.2300,9500.889
22.2400,9555.413
22.2500,9518.054
22.2600,9634.761
22.2700,9644.716
22.2800,9652.262
22.2900,9690.896
22.3000,9846.929
22.3100,9720.942
22.3200,9649.733
22.3300,9648.58
22.3400,9727.067
22.3500,9713.957
22.3600,9696.152
22.3700,9602.654
22.3800,9552.33
22.3900,9441.351
22.4000,9495.38
22.4100,9550.84
22.4200,9512.045
22.4300,9537.939
22.4400,9572.893
22.4500,9698.076
22.4600,9698.703
22.4700,9795.752
22.4800,9799.857
22.4900,9844.571
22.5000,9837.206
22.5100,9818.047
22.5200,9865.638
22.5300,10012.71
22.5400,10048.48
22.5500,10033.03
22.5600,10039.55
22.5700,10036.12
22.5800,10241.89
22.5900,10125.34
22.6000,10287.67
22.6100,10237.52
22.6200,10339.58
22.6300,10396.85
22.6400,10433.61
22.6500,10342.82
22.6600,10540.14
22.6700,10457.62
22.6800,10543.31
22.6900,10664.86
22.7000,10522.01
22.7100,10674.02
22.7200,10612.78
22.7300,10654.45
22.7400,10672.64
22.7500,10567.78
22.7600,10309.29
22.7700,10202.28
22.7800,10188.41
22.7900,10323.86
22.8000,10302.63
22.8100,10267.27
22.8200,10380.17
22.8300,10342.33
22.8400,10485.75
22.8500,10598.89
22.8600,10557.16
22.8700,10508.29
22.8800,10531.33
22.8900,10622.67
22.9000,10685.08
22.9100,10751.65
22.9200,10670.32
22.9300,10690.57
22.9400,10875.88
22.9500,10828.62
22.9600,10939.88
22.9700,10608.67
22.9800,10515.35
22.9900,10589.83
23.0000,10646.56
23.0100,10640.35
23.0200,10671.52
23.0300,10761.61
23.0400,10768.92
23.0500,10699.31
23.0600,10857.79
23.0700,10844.81
23.0800,10859.81
23.0900,10851.12
23.1000,10886.56
23.1100,10906.27
23.1200,10934.61
23.1300,11006.35
23.1400,11127.27
23.1500,11089.45
23.1600,11070.72
23.1700,11079.35
23.1800,11126.77
23.1900,11179.66
23.2000,11169.96
23.2100,11170.34
23.2200,11204.39
23.2300,11207.16
23.2400,11283.52
23.2500,11333.37
23.2600,11414.5
23.2700,11463.64
23.2800,11516.16
23.2900,11514.39
23.3000,11646.97
23.3100,11695.58
23.3200,11573.66
23.3300,11669.3
23.3400,11710.59
23.3500,11775.25
23.3600,11690.62
23.3700,11731.5
23.3800,11669.46
23.3900,11503.05
23.4000,11338.3
23.4100,10775.74
23.4200,10550.49
23.4300,10482.56
23.4400,10308.85
23.4500,10142.36
23.4600,10176.57
23.4700,10123.82
23.4800,9997.638
23.4900,10125.19
23.5000,9952.419
23.5100,10066.42
23.5200,10068.95
23.5300,10150.54
23.5400,10118.25
23.5500,10169.47
23.5600,10171.16
23.5700,10252.42
23.5800,10218.77
23.5900,10333.94
23.6000,10376.07
23.6100,10407.24
23.6200,10256.28
23.6300,10362.21
23.6400,10394.96
23.6500,10510.23
23.6600,10463.18
23.6700,10370.52
23.6800,10334.36
23.6900,10343.17
23.7000,10390.32
23.7100,10445.59
23.7200,10556.35
23.7300,10559.11
23.7400,10537.16
23.7500,10663.44
23.7600,10605.14
23.7700,10736.91
23.7800,10693.91
23.7900,10796.48
23.8000,10809.83
23.8100,10845.35
23.8200,10864.77
23.8300,10938.29
23.8400,11091.98
23.8500,11038.19
23.8600,11150.64
23.8700,11086.02
23.8800,11157.08
23.8900,11183.97
23.9000,11383.26
23.9100,11400.76
23.9200,11264.88
23.9300,11153.29
23.9400,11129.43
23.9500,11169.61
23.9600,11269.67
23.9700,11361.17
23.9800,11421.27
23.9900,11500.21
24.0000,11504.65
24.0100,11557.71
24.0200,11508.27
24.0300,11482.16
24.0400,11556.36
24.0500,11647.62
24.0600,11692.49
24.0700,11725.75
24.0800,11850.99
24.0900,11827.66
24.1000,11861.8
24.1100,11891.96
24.1200,11978.92
24.1300,12056.71
24.1400,12083.36
24.1500,12068.74
24.1600,12086.08
24.1700,12080.24
24.1800,12104.74
24.1900,12040.29
24.2000,11731.72
24.2100,11534.04
24.2200,11448.52
24.2300,11417.41
24.2400,11576.94
24.2500,11582.58
24.2600,11588.12
24.2700,11741.62
24.2800,11762.25
24.2900,11763.13
24.3000,11836.9
24.3100,11893.23
24.3200,11918.36
24.3300,11952.13
24.3400,11905
24.3500,11858.85
24.3600,11833.76
24.3700,11925.83
24.3800,11926.5
24.3900,11923.11
24.4000,11945.86
24.4100,11979.22
24.4200,12006.41
24.4300,11980.5
24.4400,12025.48
24.4500,12259.27
24.4600,12359.97
24.4700,12183.26
24.4800,12247.41
24.4900,12234.21
24.5000,12269.24
24.5100,12329.51
24.5200,12210.8
24.5300,11995.9
24.5400,12066.44
24.5500,11933.1
24.5600,12078.48
24.5700,12002.08
24.5800,12157.1
24.5900,12146.03
24.6000,12315.25
24.6100,12269.56
24.6200,12417.5
24.6300,12444.82
24.6400,12409.03
24.6500,12520.35
24.6600,12457.12
24.6700,12522.48
24.6800,12683.01
24.6900,12767.16
24.7000,12758.8
24.7100,12777.74
24.7200,12670.74
24.7300,12612.34
24.7400,12454.5
24.7500,12516.3
24.7600,12458.29
24.7700,12591.5
24.7800,12666.11
24.7900,12643.78
24.8000,12541.22
24.8100,12438.19
24.8200,12215.8
24.8300,12183.66
24.8400,12065.05
24.8500,12056.33
24.8600,12164.05
24.8700,12086.48
24.8800,12224.15
24.8900,12066.56
24.9000,12124.8
24.9100,12403.72
24.9200,12404.54
24.9300,12197.77
24.9400,12180.61
24.9500,12159.74
24.9600,12236.92
24.9700,12381.08
24.9800,12462.26
24.9900,12453.72
25.0000,12213.71
25.0100,11683.44
25.0200,11311.75
25.0300,11235.17
25.0400,10823
25.0500,10751.18
25.0600,10472.73
25.0700,10234.28
25.0800,9990.265
25.0900,9738.327
25.1000,9420.025
25.1100,9104.274
25.1200,8788.801
25.1300,8559.743
25.1400,8183.736
25.1500,8027.633
25.1600,7744.884
25.1700,7469.822
25.1800,7217.398
25.1900,6958.914
25.2000,6749.513
25.2100,6524.839
25.2200,6286.598
25.2300,6041.329
25.2400,5823.121
25.2500,5671.383
25.2600,5523.969
25.2700,5440.264
25.2800,5342.156
25.2900,5252.14
25.3000,5110.662
25.3100,4953.573
25.3200,4906.25
25.3300,4467.74
25.3400,4189.116
25.3500,3878.379
25.3600,3440.496
25.3700,3151.052
25.3800,2782.951
25.3900,2782.473
25.4000,2580.58
25.4100,2517.161
25.4200,2516.49
25.4300,2608.251
25.4400,2669.215
25.4500,2428.142
25.4600,2413.079
25.4700,2458.966
25.4800,2471.271
25.4900,2395.928
25.5000,2416.751
25.5100,2377.572
25.5200,2363.595
25.5300,2359.453
25.5400,2273.646
25.5500,2330.952
25.5600,2257.957
25.5700,2122.552
25.5800,2253.127
25.5900,2131.057
25.6000,2169.277
25.6100,2114.387
25.6200,2085.351
25.6300,2115.83
25.6400,2043.532
25.6500,2058.328
25.6600,1965.603
25.6700,1985.665
25.6800,1905.286
25.6900,1964.935
25.7000,1911.984
25.7100,1886.083
25.7200,1888.361
25.7300,1855.161
25.7400,1801.654
25.7500,1804.262
25.7600,1806.656
25.7700,1777.784
25.7800,1801.447
25.7900,1787.483
25.8000,1711.521
25.8100,1670.557
25.8200,1616.351
25.8300,1657.156
25.8400,1593.925
25.8500,1590.475
25.8600,1492.114
25.8700,1533.732
25.8800,1531.15
25.8900,1500.847
25.9000,1464.388
25.9100,1462.834
25.9200,1472.979
25.9300,1418.872
25.9400,1423.385
25.9500,1445.049
25.9600,1380.652
25.9700,1440.271
25.9800,1361.786
25.9900,1354.172
26.0000,1347.588
26.0100,1351.15
26.0200,1303.546
26.0300,1292.077
26.0400,1213.439
26.0500,1260.176
26.0600,1310.139
26.0700,1265.615
26.0800,1229.523
26.0900,1194.992
26.1000,1179.056
26.1100,1131.523
26.1200,1116.851
26.1300,1102.537
26.1400,1092.447
26.1500,1082.685
26.1600,1065.178
26.1700,1057.354
26.1800,1025.657
26.1900,1043.609
26.2000,1017.462
26.2100,970.9705
26.2200,950.4526
26.2300,955.5259
26.2400,934.387
26.2500,898.488
26.2600,884.7197
26.2700,858.1595
26.2800,844.1624
26.2900,878.0453
26.3000,776.9489
26.3100,773.6653
26.3200,771.0829
26.3300,739.3083
26.3400,755.9691
26.3500,680.9038
26.3600,695.3532
26.3700,644.299
26.3800,644.0568
26.3900,673.6315
26.4000,600.954
26.4100,625.0487
26.4200,608.8168
26.4300,567.4294
26.4400,570.5311
26.4500,524.5651
26.4600,556.463
26.4700,535.5907
26.4800,496.2766
26.4900,477.8909
26.5000,480.1053
26.5100,474.6477
26.5200,446.369
26.5300,364.9804
26.5400,426.6887
26.5500,416.5578
26.5600,352.6694
26.5700,381.4261
26.5800,347.6859
26.5900,301.46
